interaction_id,interaction_timestamp,liquidity_position,asset_valuation,system_response
1,2025-04-01,45129.3,4870.3,"Welcome to Beaver's Choice Paper Company! Excellent news - we can fulfill your complete order. Excellent choice on your retail volume order! Your investment covers: 200 units of A4 paper at $0.05 per unit (including 2% volume bonus), 100 units of Cardstock at $0.15 per unit, 100 units of Colored paper at $0.10 per unit, 200 units of A4 paper at $0.05 per unit (including 2% volume bonus), 100 units of Colored paper at $0.10 per unit, 100 units of Cardstock at $0.15 per unit. Total investment: $69.60 Delivery timeline: 2025-04-05. Order processing complete! Investment total: $69.60"
2,2025-04-03,45129.3,4870.3,Welcome to Beaver's Choice Paper Company! We're working on fulfilling your order with current inventory constraints. Current inventory levels cannot support your request volume.
3,2025-04-04,45104.3,4895.3,"Welcome to Beaver's Choice Paper Company! We're working on fulfilling your order with current inventory constraints. Immediate availability: Excellent choice on your retail volume order! Your investment covers: 0 units of Rolls of banner paper (36-inch width) at $2.50 per unit, 0 units of Rolls of banner paper (36-inch width) at $2.50 per unit. Total investment: $0.00 Restocking in progress for remaining items. Expected availability for A4 paper: 2025-04-08. "
4,2025-04-05,45128.8,4870.3,"Welcome to Beaver's Choice Paper Company! Excellent news - we can fulfill your complete order. Excellent choice on your retail volume order! Your investment covers: 250 units of A4 paper at $0.05 per unit (including 2% volume bonus), 250 units of A4 paper at $0.05 per unit (including 2% volume bonus). Total investment: $24.50 Delivery timeline: 2025-04-09. Order processing complete! Investment total: $24.50"
5,2025-04-05,45038.8,4870.3,"Welcome to Beaver's Choice Paper Company! We're working on fulfilling your order with current inventory constraints. Immediate availability: Excellent choice on your retail volume order! Your investment covers: 500 units of Colored paper at $0.10 per unit (including 2% volume bonus), 300 units of Cardstock at $0.15 per unit (including 2% volume bonus), 500 units of Colored paper at $0.10 per unit (including 2% volume bonus), 300 units of Cardstock at $0.15 per unit (including 2% volume bonus). Total investment: $186.20 Restocking in progress for remaining items. Expected availability for Decorative paper: 2025-04-09. "
6,2025-04-06,44978.8,4895.3,"Welcome to Beaver's Choice Paper Company! We're working on fulfilling your order with current inventory constraints. Immediate availability: Excellent choice on your retail volume order! We've applied our preferred customer pricing to maximize your savings. Your investment covers: 200 units of Cardstock at $0.15 per unit (including 2% volume bonus), 300 units of Rolls of banner paper (36-inch width) at $2.50 per unit (including 2% volume bonus), 200 units of Cardstock at $0.15 per unit (including 2% volume bonus). Total investment: $793.80 Restocking in progress for remaining items. Expected availability for Construction paper: 2025-04-10. Expected availability for A4 paper: 2025-04-10. "
7,2025-04-07,44773.8,4920.3,"Welcome to Beaver's Choice Paper Company! We're working on fulfilling your order with current inventory constraints. Immediate availability: Excellent choice on your retail volume order! Your investment covers: 200 units of Cardstock at $0.15 per unit (including 2% volume bonus), 200 units of Cardstock at $0.15 per unit (including 2% volume bonus). Total investment: $58.80 Restocking in progress for remaining items. Expected availability for A4 paper: 2025-04-11. Expected availability for Matte paper: 2025-04-11. "
8,2025-04-07,44526.200000000004,5167.899999999999,"Welcome to Beaver's Choice Paper Company! We're working on fulfilling your order with current inventory constraints. Immediate availability: Excellent choice on your retail volume order! Your investment covers: 500 units of A4 paper at $0.05 per unit (including 2% volume bonus), 500 units of A4 paper at $0.05 per unit (including 2% volume bonus). Total investment: $49.00 Restocking in progress for remaining items. Expected availability for A4 paper: 2025-04-11. Expected availability for Colored paper: 2025-04-14. Expected availability for A4 paper: 2025-04-14. "
9,2025-04-07,44486.200000000004,5167.899999999999,"Welcome to Beaver's Choice Paper Company! We're working on fulfilling your order with current inventory constraints. Immediate availability: Excellent choice on your retail volume order! Your investment covers: 200 units of A4 paper at $0.05 per unit (including 2% volume bonus), 100 units of Glossy paper at $0.20 per unit, 200 units of A4 paper at $0.05 per unit (including 2% volume bonus), 100 units of Glossy paper at $0.20 per unit. Total investment: $59.60 Restocking in progress for remaining items. Expected availability for Recycled paper: 2025-04-11. "
13,2025-04-08,44558.950000000004,5092.899999999999,"Welcome to Beaver's Choice Paper Company! Excellent news - we can fulfill your complete order. Excellent choice on your business volume order! Your investment covers: 500 units of A4 paper at $0.05 per unit (including 3% volume bonus), 500 units of A4 paper at $0.05 per unit (including 3% volume bonus), 500 units of A4 paper at $0.05 per unit (including 3% volume bonus). Total investment: $72.75 Delivery timeline: 2025-04-12. Order processing complete! Investment total: $72.75"
12,2025-04-08,44528.950000000004,5092.899999999999,"Welcome to Beaver's Choice Paper Company! We're working on fulfilling your order with current inventory constraints. Immediate availability: Excellent choice on your retail volume order! Your investment covers: 200 units of Cardstock at $0.15 per unit (including 2% volume bonus), 200 units of Cardstock at $0.15 per unit (including 2% volume bonus). Total investment: $58.80 Restocking in progress for remaining items. Expected availability for Standard copy paper: 2025-04-12. Expected availability for Paper napkins: 2025-04-12. "
10,2025-04-08,44819.950000000004,4792.9,"Welcome to Beaver's Choice Paper Company! Excellent news - we can fulfill your complete order. Excellent choice on your business volume order! Your investment covers: 500 units of Glossy paper at $0.20 per unit (including 3% volume bonus), 500 units of Glossy paper at $0.20 per unit (including 3% volume bonus), 500 units of Glossy paper at $0.20 per unit (including 3% volume bonus). Total investment: $291.00 Delivery timeline: 2025-04-12. Order processing complete! Investment total: $291.00"
11,2025-04-08,44868.950000000004,4742.9,"Welcome to Beaver's Choice Paper Company! Excellent news - we can fulfill your complete order. Excellent choice on your retail volume order! Your investment covers: 500 units of A4 paper at $0.05 per unit (including 2% volume bonus), 500 units of A4 paper at $0.05 per unit (including 2% volume bonus). Total investment: $49.00 Delivery timeline: 2025-04-12. Order processing complete! Investment total: $49.00"
14,2025-04-09,46093.950000000004,3492.9,"Welcome to Beaver's Choice Paper Company! Excellent news - we can fulfill your complete order. Excellent choice on your retail volume order! We've applied our preferred customer pricing to maximize your savings. Your investment covers: 0 units of A4 paper at $0.05 per unit, 0 units of Poster paper at $0.25 per unit, 0 units of A4 paper at $0.05 per unit, 0 units of Poster paper at $0.25 per unit, 500 units of Rolls of banner paper (36-inch width) at $2.50 per unit (including 2% volume bonus). Total investment: $1225.00 Delivery timeline: 2025-04-09. Order processing complete! Investment total: $1225.00"
15,2025-04-12,46093.950000000004,3492.9,"Welcome to Beaver's Choice Paper Company! Excellent news - we can fulfill your complete order. Excellent choice on your retail volume order! Your investment covers: 0 units of A4 paper at $0.05 per unit, 0 units of Colored paper at $0.10 per unit, 0 units of A4 paper at $0.05 per unit, 0 units of Colored paper at $0.10 per unit. Total investment: $0.00 Delivery timeline: 2025-04-12. Order processing complete! Investment total: $0.00"
16,2025-04-13,45968.950000000004,3492.9,"Welcome to Beaver's Choice Paper Company! We're working on fulfilling your order with current inventory constraints. Immediate availability: Excellent choice on your retail volume order! Your investment covers: 500 units of A4 paper at $0.05 per unit (including 2% volume bonus), 200 units of Construction paper at $0.07 per unit (including 2% volume bonus), 500 units of A4 paper at $0.05 per unit (including 2% volume bonus), 200 units of Construction paper at $0.07 per unit (including 2% volume bonus). Total investment: $76.44 Restocking in progress for remaining items. Expected availability for Poster paper: 2025-04-17. "
17,2025-04-14,45833.950000000004,3517.9,"Welcome to Beaver's Choice Paper Company! We're working on fulfilling your order with current inventory constraints. Immediate availability: Excellent choice on your retail volume order! Your investment covers: 500 units of Colored paper at $0.10 per unit (including 2% volume bonus), 500 units of Colored paper at $0.10 per unit (including 2% volume bonus), 500 units of Paper plates at $0.10 per unit (including 2% volume bonus), 500 units of Paper plates at $0.10 per unit (including 2% volume bonus). Total investment: $196.00 Restocking in progress for remaining items. Expected availability for A4 paper: 2025-04-18. Expected availability for Paper cups: 2025-04-18. Expected availability for Paper napkins: 2025-04-21. "
18,2025-04-14,45738.950000000004,3592.9,"Welcome to Beaver's Choice Paper Company! We're working on fulfilling your order with current inventory constraints. Immediate availability: Excellent choice on your retail volume order! Your investment covers: 200 units of Colored paper at $0.10 per unit (including 2% volume bonus), 200 units of Colored paper at $0.10 per unit (including 2% volume bonus). Total investment: $39.20 Restocking in progress for remaining items. Expected availability for Cardstock: 2025-04-18. Expected availability for Standard copy paper: 2025-04-18. "
19,2025-04-15,45738.950000000004,3592.9,Welcome to Beaver's Choice Paper Company! We're working on fulfilling your order with current inventory constraints. Current inventory levels cannot support your request volume.
20,2025-04-17,45738.950000000004,3592.9,We couldn't identify specific products in your inquiry. Please specify the paper products and quantities you need.
